,PassengerId,Survived,Age,SibSp,Parch,Fare,Male,Female,Alone,First_class,Second_class,Third_class
0,676,0,18.0,0,0,7.775,1,0,1,0,0,1
1,520,0,32.0,0,0,7.8958,1,0,1,0,0,1
2,459,1,50.0,0,0,10.5,0,1,1,0,1,0
3,660,0,58.0,0,2,113.275,1,0,0,1,0,0
4,771,0,24.0,0,0,9.5,1,0,1,0,0,1
5,639,0,41.0,0,5,39.6875,0,1,0,0,0,1
6,692,1,4.0,0,1,13.4167,0,1,0,0,0,1
7,168,0,45.0,1,4,27.9,0,1,0,0,0,1
8,533,0,17.0,1,1,7.2292,1,0,0,0,0,1
9,697,0,44.0,0,0,8.05,1,0,1,0,0,1
10,868,0,31.0,0,0,50.4958,1,0,1,1,0,0
11,522,0,22.0,0,0,7.8958,1,0,1,0,0,1
12,822,1,27.0,0,0,8.6625,1,0,1,0,0,1
13,568,0,29.0,0,4,21.075,0,1,0,0,0,1
14,198,0,42.0,0,1,8.4042,1,0,0,0,0,1
15,706,0,39.0,0,0,26.0,1,0,1,0,1,0
16,204,0,45.5,0,0,7.225,1,0,1,0,0,1
17,349,1,3.0,1,1,15.9,1,0,0,0,0,1
18,563,0,28.0,0,0,13.5,1,0,1,0,1,0
19,148,0,9.0,2,2,34.375,0,1,0,0,0,1
20,470,1,0.75,2,1,19.2583,0,1,0,0,0,1
21,766,1,51.0,1,0,77.9583,0,1,0,1,0,0
22,143,1,24.0,1,0,15.85,0,1,0,0,0,1
23,234,1,5.0,4,2,31.3875,0,1,0,0,0,1
24,209,1,16.0,0,0,7.75,0,1,1,0,0,1
25,293,0,36.0,0,0,12.875,1,0,1,0,1,0
26,207,0,32.0,1,0,15.85,1,0,0,0,0,1
27,281,0,65.0,0,0,7.75,1,0,1,0,0,1
28,253,0,62.0,0,0,26.55,1,0,1,1,0,0
29,418,1,18.0,0,2,13.0,0,1,0,0,1,0
30,19,0,31.0,1,0,18.0,0,1,0,0,0,1
31,2,1,38.0,1,0,71.2833,0,1,0,1,0,0
32,790,0,46.0,0,0,79.2,1,0,1,1,0,0
33,633,1,32.0,0,0,30.5,1,0,1,1,0,0
34,742,0,36.0,1,0,78.85,1,0,0,1,0,0
35,16,1,55.0,0,0,16.0,0,1,1,0,1,0
36,86,1,33.0,3,0,15.85,0,1,0,0,0,1
37,320,1,40.0,1,1,134.5,0,1,0,1,0,0
38,753,0,33.0,0,0,9.5,1,0,1,0,0,1
39,166,1,9.0,0,2,20.525,1,0,0,0,0,1
40,62,1,38.0,0,0,80.0,0,1,1,1,0,0
41,277,0,45.0,0,0,7.75,0,1,1,0,0,1
42,441,1,45.0,1,1,26.25,0,1,0,0,1,0
43,605,1,35.0,0,0,26.55,1,0,1,1,0,0
44,859,1,24.0,0,3,19.2583,0,1,0,0,0,1
45,541,1,36.0,0,2,71.0,0,1,0,1,0,0
46,521,1,30.0,0,0,93.5,0,1,1,1,0,0
47,41,0,40.0,1,0,9.475,0,1,0,0,0,1
48,306,1,0.92,1,2,151.55,1,0,0,1,0,0
49,13,0,20.0,0,0,8.05,1,0,1,0,0,1
50,828,1,1.0,0,2,37.0042,1,0,0,0,1,0
51,126,1,12.0,1,0,11.2417,1,0,0,0,0,1
52,709,1,22.0,0,0,151.55,0,1,1,1,0,0
53,39,0,18.0,2,0,18.0,0,1,0,0,0,1
54,514,1,54.0,1,0,59.4,0,1,0,1,0,0
55,235,0,24.0,0,0,10.5,1,0,1,0,1,0
56,131,0,33.0,0,0,7.8958,1,0,1,0,0,1
57,652,1,18.0,0,1,23.0,0,1,0,0,1,0
58,505,1,16.0,0,0,86.5,0,1,1,1,0,0
59,258,1,30.0,0,0,86.5,0,1,1,1,0,0
60,714,0,29.0,0,0,9.4833,1,0,1,0,0,1
61,837,0,21.0,0,0,8.6625,1,0,1,0,0,1
62,806,0,31.0,0,0,7.775,1,0,1,0,0,1
63,788,0,8.0,4,1,29.125,1,0,0,0,0,1
64,82,1,29.0,0,0,9.5,1,0,1,0,0,1
65,481,0,9.0,5,2,46.9,1,0,0,0,0,1
66,322,0,27.0,0,0,7.8958,1,0,1,0,0,1
67,354,0,25.0,1,0,17.8,1,0,0,0,0,1
68,593,0,47.0,0,0,7.25,1,0,1,0,0,1
69,287,1,30.0,0,0,9.5,1,0,1,0,0,1
70,636,1,28.0,0,0,13.0,0,1,1,0,1,0
71,529,0,39.0,0,0,7.925,1,0,1,0,0,1
72,671,1,40.0,1,1,39.0,0,1,0,0,1,0
73,513,1,36.0,0,0,26.2875,1,0,1,1,0,0
74,240,0,33.0,0,0,12.275,1,0,1,0,1,0
75,764,1,36.0,1,2,120.0,0,1,0,1,0,0
76,487,1,35.0,1,0,90.0,0,1,0,1,0,0
77,220,0,30.0,0,0,10.5,1,0,1,0,1,0
78,849,0,28.0,0,1,33.0,1,0,0,0,1,0
79,882,0,33.0,0,0,7.8958,1,0,1,0,0,1
80,461,1,48.0,0,0,26.55,1,0,1,1,0,0
81,762,0,41.0,0,0,7.125,1,0,1,0,0,1
82,730,0,25.0,1,0,7.925,0,1,0,0,0,1
83,390,1,17.0,0,0,12.0,0,1,1,0,1,0
84,511,1,29.0,0,0,7.75,1,0,1,0,0,1
85,171,0,61.0,0,0,33.5,1,0,1,1,0,0
86,875,1,28.0,1,0,24.0,0,1,0,0,1,0
87,105,0,37.0,2,0,7.925,1,0,0,0,0,1
88,682,1,27.0,0,0,76.7292,1,0,1,1,0,0
89,402,0,26.0,0,0,8.05,1,0,1,0,0,1
90,428,1,19.0,0,0,26.0,0,1,1,0,1,0
91,163,0,26.0,0,0,7.775,1,0,1,0,0,1
92,479,0,22.0,0,0,7.5208,1,0,1,0,0,1
93,319,1,31.0,0,2,164.8667,0,1,0,1,0,0
94,9,1,27.0,0,2,11.1333,0,1,0,0,0,1
95,52,0,21.0,0,0,7.8,1,0,1,0,0,1
96,447,1,13.0,0,1,19.5,0,1,0,0,1,0
97,60,0,11.0,5,2,46.9,1,0,0,0,0,1
98,449,1,5.0,2,1,19.2583,0,1,0,0,0,1
99,188,1,45.0,0,0,26.55,1,0,1,1,0,0
100,135,0,25.0,0,0,13.0,1,0,1,0,1,0
101,803,1,11.0,1,2,120.0,1,0,0,1,0,0
102,650,1,23.0,0,0,7.55,0,1,1,0,0,1
103,12,1,58.0,0,0,26.55,0,1,1,1,0,0
104,1,0,22.0,1,0,7.25,1,0,0,0,0,1
105,192,0,19.0,0,0,13.0,1,0,1,0,1,0
106,269,1,58.0,0,1,153.4625,0,1,0,1,0,0
107,434,0,17.0,0,0,7.125,1,0,1,0,0,1
108,84,0,28.0,0,0,47.1,1,0,1,1,0,0
109,172,0,4.0,4,1,29.125,1,0,0,0,0,1
110,327,0,61.0,0,0,6.2375,1,0,1,0,0,1
111,366,0,30.0,0,0,7.25,1,0,1,0,0,1
112,877,0,20.0,0,0,9.8458,1,0,1,0,0,1
113,328,1,36.0,0,0,13.0,0,1,1,0,1,0
114,606,0,36.0,1,0,15.55,1,0,0,0,0,1
115,725,1,27.0,1,0,53.1,1,0,0,1,0,0
116,823,0,38.0,0,0,0.0,1,0,1,1,0,0
117,736,0,28.5,0,0,16.1,1,0,1,0,0,1
118,544,1,32.0,1,0,26.0,1,0,0,0,1,0
119,872,1,47.0,1,1,52.5542,0,1,0,1,0,0
120,843,1,30.0,0,0,31.0,0,1,1,1,0,0
121,24,1,28.0,0,0,35.5,1,0,1,1,0,0
122,851,0,4.0,4,2,31.275,1,0,0,0,0,1
123,291,1,26.0,0,0,78.85,0,1,1,1,0,0
124,225,1,38.0,1,0,90.0,1,0,0,1,0,0
125,659,0,23.0,0,0,13.0,1,0,1,0,1,0
126,149,0,36.5,0,2,26.0,1,0,0,0,1,0
127,386,0,18.0,0,0,73.5,1,0,1,0,1,0
128,250,0,54.0,1,0,26.0,1,0,0,0,1,0
129,577,1,34.0,0,0,13.0,0,1,1,0,1,0
130,571,1,62.0,0,0,10.5,1,0,1,0,1,0
131,853,0,9.0,1,1,15.2458,0,1,0,0,0,1
132,560,1,36.0,1,0,17.4,0,1,0,0,0,1
133,772,0,48.0,0,0,7.8542,1,0,1,0,0,1
134,292,1,19.0,1,0,91.0792,0,1,0,1,0,0
135,744,0,24.0,1,0,16.1,1,0,0,0,0,1
136,680,1,36.0,0,1,512.3292,1,0,0,1,0,0
137,419,0,30.0,0,0,13.0,1,0,1,0,1,0
138,596,0,36.0,1,1,24.15,1,0,0,0,0,1
139,524,1,44.0,0,1,57.9792,0,1,0,1,0,0
140,200,0,24.0,0,0,13.0,0,1,1,0,1,0
141,588,1,60.0,1,1,79.2,1,0,0,1,0,0
142,379,0,20.0,0,0,4.0125,1,0,1,0,0,1
143,383,0,32.0,0,0,7.925,1,0,1,0,0,1
144,203,0,34.0,0,0,6.4958,1,0,1,0,0,1
145,437,0,21.0,2,2,34.375,0,1,0,0,0,1
146,249,1,37.0,1,1,52.5542,1,0,0,1,0,0
147,604,0,44.0,0,0,8.05,1,0,1,0,0,1
148,193,1,19.0,1,0,7.8542,0,1,0,0,0,1
149,570,1,32.0,0,0,7.8542,1,0,1,0,0,1
150,672,0,31.0,1,0,52.0,1,0,0,1,0,0
151,165,0,1.0,4,1,39.6875,1,0,0,0,0,1
152,726,0,20.0,0,0,8.6625,1,0,1,0,0,1
153,201,0,28.0,0,0,9.5,1,0,1,0,0,1
154,737,0,48.0,1,3,34.375,0,1,0,0,0,1
155,288,0,22.0,0,0,7.8958,1,0,1,0,0,1
156,308,1,17.0,1,0,108.9,0,1,0,1,0,0
157,190,0,36.0,0,0,7.8958,1,0,1,0,0,1
158,28,0,19.0,3,2,263.0,1,0,0,1,0,0
159,824,1,27.0,0,1,12.475,0,1,0,0,0,1
160,123,0,32.5,1,0,30.0708,1,0,0,0,1,0
161,873,0,33.0,0,0,5.0,1,0,1,1,0,0
162,185,1,4.0,0,2,22.025,0,1,0,0,0,1
163,312,1,18.0,2,2,262.375,0,1,0,1,0,0
164,812,0,39.0,0,0,24.15,1,0,1,0,0,1
165,802,1,31.0,1,1,26.25,0,1,0,0,1,0
166,844,0,34.5,0,0,6.4375,1,0,1,0,0,1
167,300,1,50.0,0,1,247.5208,0,1,0,1,0,0
168,371,1,25.0,1,0,55.4417,1,0,0,1,0,0
169,387,0,1.0,5,2,46.9,1,0,0,0,0,1
170,703,0,18.0,0,1,14.4542,0,1,0,0,0,1
171,153,0,55.5,0,0,8.05,1,0,1,0,0,1
172,121,0,21.0,2,0,73.5,1,0,0,0,1,0
173,785,0,25.0,0,0,7.05,1,0,1,0,0,1
174,435,0,50.0,1,0,55.9,1,0,0,1,0,0
175,310,1,30.0,0,0,56.9292,0,1,1,1,0,0
176,800,0,30.0,1,1,24.15,0,1,0,0,0,1
177,8,0,2.0,3,1,21.075,1,0,0,0,0,1
178,223,0,51.0,0,0,8.05,1,0,1,0,0,1
179,233,0,59.0,0,0,13.5,1,0,1,0,1,0
180,580,1,32.0,0,0,7.925,1,0,1,0,0,1
181,438,1,24.0,2,3,18.75,0,1,0,0,1,0
182,566,0,24.0,2,0,24.15,1,0,0,0,0,1
183,401,1,39.0,0,0,7.925,1,0,1,0,0,1
184,584,0,36.0,0,0,40.125,1,0,1,1,0,0
185,128,1,24.0,0,0,7.1417,1,0,1,0,0,1
186,351,0,23.0,0,0,9.225,1,0,1,0,0,1
187,255,0,41.0,0,2,20.2125,0,1,0,0,0,1
188,318,0,54.0,0,0,14.0,1,0,1,0,1,0
189,619,1,4.0,2,1,39.0,0,1,0,0,1,0
190,195,1,44.0,0,0,27.7208,0,1,1,1,0,0
191,54,1,29.0,1,0,26.0,0,1,0,0,1,0
192,446,1,4.0,0,2,81.8583,1,0,0,1,0,0
193,750,0,31.0,0,0,7.75,1,0,1,0,0,1
194,578,1,39.0,1,0,55.9,0,1,0,1,0,0
195,598,0,49.0,0,0,0.0,1,0,1,0,0,1
196,674,1,31.0,0,0,13.0,1,0,1,0,1,0
197,562,0,40.0,0,0,7.8958,1,0,1,0,0,1
198,738,1,35.0,0,0,512.3292,1,0,1,1,0,0
199,329,1,31.0,1,1,20.525,0,1,0,0,0,1
200,543,0,11.0,4,2,31.275,0,1,0,0,0,1
201,286,0,33.0,0,0,8.6625,1,0,1,0,0,1
202,488,0,58.0,0,0,29.7,1,0,1,1,0,0
203,406,0,34.0,1,0,21.0,1,0,0,0,1,0
204,484,1,63.0,0,0,9.5875,0,1,1,0,0,1
205,629,0,26.0,0,0,7.8958,1,0,1,0,0,1
206,71,0,32.0,0,0,10.5,1,0,1,0,1,0
207,57,1,21.0,0,0,10.5,0,1,1,0,1,0
208,888,1,19.0,0,0,30.0,0,1,1,1,0,0
209,743,1,21.0,2,2,262.375,0,1,0,1,0,0
210,262,1,3.0,4,2,31.3875,1,0,0,0,0,1
211,556,0,62.0,0,0,26.55,1,0,1,1,0,0
212,399,0,23.0,0,0,10.5,1,0,1,0,1,0
213,162,1,40.0,0,0,15.75,0,1,1,0,1,0
214,818,0,31.0,1,1,37.0042,1,0,0,0,1,0
215,836,1,39.0,1,1,83.1583,0,1,0,1,0,0
216,700,0,42.0,0,0,7.65,1,0,1,0,0,1
217,642,1,24.0,0,0,69.3,0,1,1,1,0,0
218,22,1,34.0,0,0,13.0,1,0,1,0,1,0
219,587,0,47.0,0,0,15.0,1,0,1,0,1,0
220,7,0,54.0,0,0,51.8625,1,0,1,1,0,0
221,68,0,19.0,0,0,8.1583,1,0,1,0,0,1
222,506,0,18.0,1,0,108.9,1,0,0,1,0,0
223,694,0,25.0,0,0,7.225,1,0,1,0,0,1
224,284,1,19.0,0,0,8.05,1,0,1,0,0,1
225,44,1,3.0,1,2,41.5792,0,1,0,0,1,0
226,626,0,61.0,0,0,32.3208,1,0,1,1,0,0
227,658,0,32.0,1,1,15.5,0,1,0,0,0,1
228,337,0,29.0,1,0,66.6,1,0,0,1,0,0
229,232,0,29.0,0,0,7.775,1,0,1,0,0,1
230,154,0,40.5,0,2,14.5,1,0,0,0,0,1
231,170,0,28.0,0,0,56.4958,1,0,1,0,0,1
232,620,0,26.0,0,0,10.5,1,0,1,0,1,0
233,537,0,45.0,0,0,26.55,1,0,1,1,0,0
234,485,1,25.0,1,0,91.0792,1,0,0,1,0,0
235,100,0,34.0,1,0,26.0,1,0,0,0,1,0
236,583,0,54.0,0,0,26.0,1,0,1,0,1,0
237,778,1,5.0,0,0,12.475,0,1,1,0,0,1
238,205,1,18.0,0,0,8.05,1,0,1,0,0,1
239,206,0,2.0,0,1,10.4625,0,1,0,0,0,1
240,638,0,31.0,1,1,26.25,1,0,0,0,1,0
241,748,1,30.0,0,0,13.0,0,1,1,0,1,0
242,161,0,44.0,0,1,16.1,1,0,0,0,0,1
243,618,0,26.0,1,0,16.1,0,1,0,0,0,1
244,727,1,30.0,3,0,21.0,0,1,0,0,1,0
245,158,0,30.0,0,0,8.05,1,0,1,0,0,1
246,483,0,50.0,0,0,8.05,1,0,1,0,0,1
247,339,1,45.0,0,0,8.05,1,0,1,0,0,1
248,228,0,20.5,0,0,7.25,1,0,1,0,0,1
249,656,0,24.0,2,0,73.5,1,0,0,0,1,0
250,222,0,27.0,0,0,13.0,1,0,1,0,1,0
251,499,0,25.0,1,2,151.55,0,1,0,1,0,0
252,254,0,30.0,1,0,16.1,1,0,0,0,0,1
253,260,1,50.0,0,1,26.0,0,1,0,0,1,0
254,256,1,29.0,0,2,15.2458,0,1,0,0,0,1
255,73,0,21.0,0,0,73.5,1,0,1,0,1,0
256,180,0,36.0,0,0,0.0,1,0,1,0,0,1
257,362,0,29.0,1,0,27.7208,1,0,0,0,1,0
258,711,1,24.0,0,0,49.5042,0,1,1,1,0,0
259,42,0,27.0,1,0,21.0,0,1,0,0,1,0
260,846,0,42.0,0,0,7.55,1,0,1,0,0,1
261,538,1,30.0,0,0,106.425,0,1,1,1,0,0
262,334,0,16.0,2,0,18.0,1,0,0,0,0,1
263,555,1,22.0,0,0,7.775,0,1,1,0,0,1
264,678,1,18.0,0,0,9.8417,0,1,1,0,0,1
265,364,0,35.0,0,0,7.05,1,0,1,0,0,1
266,179,0,30.0,0,0,13.0,1,0,1,0,1,0
267,380,0,19.0,0,0,7.775,1,0,1,0,0,1
268,535,0,30.0,0,0,8.6625,0,1,1,0,0,1
269,835,0,18.0,0,0,8.3,1,0,1,0,0,1
270,770,0,32.0,0,0,8.3625,1,0,1,0,0,1
271,665,1,20.0,1,0,7.925,1,0,0,0,0,1
272,776,0,18.0,0,0,7.75,1,0,1,0,0,1
273,718,1,27.0,0,0,10.5,0,1,1,0,1,0
274,395,1,24.0,0,2,16.7,0,1,0,0,0,1
275,645,1,0.75,2,1,19.2583,0,1,0,0,0,1
276,350,0,42.0,0,0,8.6625,1,0,1,0,0,1
277,342,1,24.0,3,2,263.0,0,1,0,1,0,0
278,478,0,29.0,1,0,7.0458,1,0,0,0,0,1
279,3,1,26.0,0,0,7.925,0,1,1,0,0,1
280,754,0,23.0,0,0,7.8958,1,0,1,0,0,1
281,396,0,22.0,0,0,7.7958,1,0,1,0,0,1
282,683,0,20.0,0,0,9.225,1,0,1,0,0,1
283,831,1,15.0,1,0,14.4542,0,1,0,0,0,1
284,787,1,18.0,0,0,7.4958,0,1,1,0,0,1
285,381,1,42.0,0,0,227.525,0,1,1,1,0,0
286,462,0,34.0,0,0,8.05,1,0,1,0,0,1
287,353,0,15.0,1,1,7.2292,1,0,0,0,0,1
288,374,0,22.0,0,0,135.6333,1,0,1,1,0,0
289,423,0,29.0,0,0,7.875,1,0,1,0,0,1
290,397,0,31.0,0,0,7.8542,0,1,1,0,0,1
291,89,1,23.0,3,2,263.0,0,1,0,1,0,0
292,321,0,22.0,0,0,7.25,1,0,1,0,0,1
293,450,1,52.0,0,0,30.5,1,0,1,1,0,0
294,796,0,39.0,0,0,13.0,1,0,1,0,1,0
295,526,0,40.5,0,0,7.75,1,0,1,0,0,1
296,248,1,24.0,0,2,14.5,0,1,0,0,1,0
297,80,1,30.0,0,0,12.475,0,1,1,0,0,1
298,617,0,34.0,1,1,14.4,1,0,0,0,0,1
299,735,0,23.0,0,0,13.0,1,0,1,0,1,0
300,130,0,45.0,0,0,6.975,1,0,1,0,0,1
301,463,0,47.0,0,0,38.5,1,0,1,1,0,0
302,111,0,47.0,0,0,52.0,1,0,1,1,0,0
303,268,1,25.0,1,0,7.775,1,0,0,0,0,1
304,239,0,19.0,0,0,10.5,1,0,1,0,1,0
305,805,1,27.0,0,0,6.975,1,0,1,0,0,1
306,210,1,40.0,0,0,31.0,1,0,1,1,0,0
307,213,0,22.0,0,0,7.25,1,0,1,0,0,1
308,106,0,28.0,0,0,7.8958,1,0,1,0,0,1
309,720,0,33.0,0,0,7.775,1,0,1,0,0,1
310,150,0,42.0,0,0,13.0,1,0,1,0,1,0
311,696,0,52.0,0,0,13.5,1,0,1,0,1,0
312,31,0,40.0,0,0,27.7208,1,0,1,1,0,0
313,723,0,34.0,0,0,13.0,1,0,1,0,1,0
314,358,0,38.0,0,0,13.0,0,1,1,0,1,0
315,883,0,22.0,0,0,10.5167,0,1,1,0,0,1
316,492,0,21.0,0,0,7.25,1,0,1,0,0,1
317,695,0,60.0,0,0,26.55,1,0,1,1,0,0
318,280,1,35.0,1,1,20.25,0,1,0,0,0,1
319,546,0,64.0,0,0,26.0,1,0,1,1,0,0
320,118,0,29.0,1,0,21.0,1,0,0,0,1,0
321,59,1,5.0,1,2,27.75,0,1,0,0,1,0
322,196,1,58.0,0,0,146.5208,0,1,1,1,0,0
323,23,1,15.0,0,0,8.0292,0,1,1,0,0,1
324,880,1,56.0,0,1,83.1583,0,1,0,1,0,0
325,26,1,38.0,1,5,31.3875,0,1,0,0,0,1
326,156,0,51.0,0,1,61.3792,1,0,0,1,0,0
327,768,0,30.5,0,0,7.75,0,1,1,0,0,1
328,839,1,32.0,0,0,56.4958,1,0,1,0,0,1
329,17,0,2.0,4,1,29.125,1,0,0,0,0,1
330,36,0,42.0,1,0,52.0,1,0,0,1,0,0
331,211,0,24.0,0,0,7.05,1,0,1,0,0,1
332,820,0,10.0,3,2,27.9,1,0,0,0,0,1
333,861,0,41.0,2,0,14.1083,1,0,0,0,0,1
334,813,0,35.0,0,0,10.5,1,0,1,0,1,0
335,409,0,21.0,0,0,7.775,1,0,1,0,0,1
336,807,0,39.0,0,0,0.0,1,0,1,1,0,0
337,87,0,16.0,1,3,34.375,1,0,0,0,0,1
338,808,0,18.0,0,0,7.775,0,1,1,0,0,1
339,886,0,39.0,0,5,29.125,0,1,0,0,0,1
340,112,0,14.5,1,0,14.4542,0,1,0,0,0,1
341,507,1,33.0,0,2,26.0,0,1,0,0,1,0
342,780,1,43.0,0,1,211.3375,0,1,0,1,0,0
343,157,1,16.0,0,0,7.7333,0,1,1,0,0,1
344,504,0,37.0,0,0,9.5875,0,1,1,0,0,1
345,519,1,36.0,1,0,26.0,0,1,0,0,1,0
346,98,1,23.0,0,1,63.3583,1,0,0,1,0,0
347,333,0,38.0,0,1,153.4625,1,0,0,1,0,0
348,146,0,19.0,1,1,36.75,1,0,0,0,1,0
349,289,1,42.0,0,0,13.0,1,0,1,0,1,0
350,865,0,24.0,0,0,13.0,1,0,1,0,1,0
351,891,0,32.0,0,0,7.75,1,0,1,0,0,1
352,863,1,48.0,0,0,25.9292,0,1,1,1,0,0
353,819,0,43.0,0,0,6.45,1,0,1,0,0,1
354,704,0,25.0,0,0,7.7417,1,0,1,0,0,1
355,686,0,25.0,1,2,41.5792,1,0,0,0,1,0
356,10,1,14.0,1,0,30.0708,0,1,0,0,1,0
357,729,0,25.0,1,0,26.0,1,0,0,0,1,0
358,855,0,44.0,1,0,26.0,0,1,0,0,1,0
359,473,1,33.0,1,2,27.75,0,1,0,0,1,0
360,664,0,36.0,0,0,7.4958,1,0,1,0,0,1
361,115,0,17.0,0,0,14.4583,0,1,1,0,0,1
362,298,0,2.0,1,2,151.55,0,1,0,1,0,0
363,151,0,51.0,0,0,12.525,1,0,1,0,1,0
364,673,0,70.0,0,0,10.5,1,0,1,0,1,0
365,221,1,16.0,0,0,8.05,1,0,1,0,0,1
366,72,0,16.0,5,2,46.9,0,1,0,0,0,1
367,501,0,17.0,0,0,8.6625,1,0,1,0,0,1
368,646,1,48.0,1,0,76.7292,1,0,0,1,0,0
369,760,1,33.0,0,0,86.5,0,1,1,1,0,0
370,789,1,1.0,1,2,20.575,1,0,0,0,0,1
371,139,0,16.0,0,0,9.2167,1,0,1,0,0,1
372,615,0,35.0,0,0,8.05,1,0,1,0,0,1
373,451,0,36.0,1,2,27.75,1,0,0,0,1,0
374,422,0,21.0,0,0,7.7333,1,0,1,0,0,1
375,247,0,25.0,0,0,7.775,0,1,1,0,0,1
376,477,0,34.0,1,0,21.0,1,0,0,0,1,0
377,245,0,30.0,0,0,7.225,1,0,1,0,0,1
378,857,1,45.0,1,1,164.8667,0,1,0,1,0,0
379,75,1,32.0,0,0,56.4958,1,0,1,0,0,1
380,884,0,28.0,0,0,10.5,1,0,1,0,1,0
381,782,1,17.0,1,0,57.0,0,1,0,1,0,0
382,773,0,57.0,0,0,10.5,0,1,1,0,1,0
383,495,0,21.0,0,0,8.05,1,0,1,0,0,1
384,216,1,31.0,1,0,113.275,0,1,0,1,0,0
385,643,0,2.0,3,2,27.9,0,1,0,0,0,1
386,497,1,54.0,1,0,78.2667,0,1,0,1,0,0
387,472,0,38.0,0,0,8.6625,1,0,1,0,0,1
388,715,0,52.0,0,0,13.0,1,0,1,0,1,0
389,246,0,44.0,2,0,90.0,1,0,0,1,0,0
390,370,1,24.0,0,0,69.3,0,1,1,1,0,0
391,136,0,23.0,0,0,15.0458,1,0,1,0,1,0
392,74,0,26.0,1,0,14.4542,1,0,0,0,0,1
393,702,1,35.0,0,0,26.2875,1,0,1,1,0,0
394,15,0,14.0,0,0,7.8542,0,1,1,0,0,1
395,717,1,38.0,0,0,227.525,0,1,1,1,0,0
396,404,0,28.0,1,0,15.85,1,0,0,0,0,1
397,61,0,22.0,0,0,7.2292,1,0,1,0,0,1
398,373,0,19.0,0,0,8.05,1,0,1,0,0,1
399,272,1,25.0,0,0,0.0,1,0,1,0,0,1
400,97,0,71.0,0,0,34.6542,1,0,1,1,0,0
401,661,1,50.0,2,0,133.65,1,0,0,1,0,0
402,480,1,2.0,0,1,12.2875,0,1,0,0,0,1
403,138,0,37.0,1,0,53.1,1,0,0,1,0,0
404,592,1,52.0,1,0,78.2667,0,1,0,1,0,0
405,834,0,23.0,0,0,7.8542,1,0,1,0,0,1
406,653,0,21.0,0,0,8.4333,1,0,1,0,0,1
407,372,0,18.0,1,0,6.4958,1,0,0,0,0,1
408,758,0,18.0,0,0,11.5,1,0,1,0,1,0
409,176,0,18.0,1,1,7.8542,1,0,0,0,0,1
410,809,0,39.0,0,0,13.0,1,0,1,0,1,0
411,856,1,18.0,0,1,9.35,0,1,0,0,0,1
412,314,0,28.0,0,0,7.8958,1,0,1,0,0,1
413,798,1,31.0,0,0,8.6833,0,1,1,0,0,1
414,103,0,21.0,0,1,77.2875,1,0,0,1,0,0
415,621,0,27.0,1,0,14.4542,1,0,0,0,0,1
416,99,1,34.0,0,1,23.0,0,1,0,0,1,0
417,732,0,11.0,0,0,18.7875,1,0,1,0,0,1
418,830,1,62.0,0,0,80.0,0,1,1,1,0,0
419,194,1,3.0,1,1,26.0,1,0,0,0,1,0
420,297,0,23.5,0,0,7.2292,1,0,1,0,0,1
421,536,1,7.0,0,2,26.25,0,1,0,0,1,0
422,178,0,50.0,0,0,28.7125,0,1,1,1,0,0
423,751,1,4.0,1,1,23.0,0,1,0,0,1,0
424,454,1,49.0,1,0,89.1042,1,0,0,1,0,0
425,848,0,35.0,0,0,7.8958,1,0,1,0,0,1
426,466,0,38.0,0,0,7.05,1,0,1,0,0,1
427,189,0,40.0,1,1,15.5,1,0,0,0,0,1
428,276,1,63.0,1,0,77.9583,0,1,0,1,0,0
429,540,1,22.0,0,2,49.5,0,1,0,1,0,0
430,415,1,44.0,0,0,7.925,1,0,1,0,0,1
431,117,0,70.5,0,0,7.75,1,0,1,0,0,1
432,554,1,22.0,0,0,7.225,1,0,1,0,0,1
433,279,0,7.0,4,1,29.125,1,0,0,0,0,1
434,814,0,6.0,4,2,31.275,0,1,0,0,0,1
435,316,1,26.0,0,0,7.8542,0,1,1,0,0,1
436,259,1,35.0,0,0,512.3292,0,1,1,1,0,0
437,641,0,20.0,0,0,7.8542,1,0,1,0,0,1
438,58,0,28.5,0,0,7.2292,1,0,1,0,0,1
439,70,0,26.0,2,0,8.6625,1,0,0,0,0,1
440,582,1,39.0,1,1,110.8833,0,1,0,1,0,0
441,175,0,56.0,0,0,30.6958,1,0,1,1,0,0
442,343,0,28.0,0,0,13.0,1,0,1,0,1,0
443,887,0,27.0,0,0,13.0,1,0,1,0,1,0
444,494,0,71.0,0,0,49.5042,1,0,1,1,0,0
445,119,0,24.0,0,1,247.5208,1,0,0,1,0,0
446,573,1,36.0,0,0,26.3875,1,0,1,1,0,0
447,655,0,18.0,0,0,6.75,0,1,1,0,0,1
448,217,1,27.0,0,0,7.925,0,1,1,0,0,1
449,5,0,35.0,0,0,8.05,1,0,1,0,0,1
450,663,0,47.0,0,0,25.5875,1,0,1,1,0,0
451,551,1,17.0,0,2,110.8833,1,0,0,1,0,0
452,502,0,21.0,0,0,7.75,0,1,1,0,0,1
453,400,1,28.0,0,0,12.65,0,1,1,0,1,0
454,382,1,1.0,0,2,15.7417,0,1,0,0,0,1
455,575,0,16.0,0,0,8.05,1,0,1,0,0,1
456,164,0,17.0,0,0,8.6625,1,0,1,0,0,1
457,755,1,48.0,1,2,65.0,0,1,0,0,1,0
458,666,0,32.0,2,0,73.5,1,0,0,0,1,0
459,94,0,26.0,1,2,20.575,1,0,0,0,0,1
460,781,1,13.0,0,0,7.2292,0,1,1,0,0,1
461,208,1,26.0,0,0,18.7875,1,0,1,0,0,1
462,11,1,4.0,1,1,16.7,0,1,0,0,0,1
463,40,1,14.0,1,0,11.2417,0,1,0,0,0,1
464,628,1,21.0,0,0,77.9583,0,1,1,1,0,0
465,214,0,30.0,0,0,13.0,1,0,1,0,1,0
466,243,0,29.0,0,0,10.5,1,0,1,0,1,0
467,685,0,60.0,1,1,39.0,1,0,0,0,1,0
468,713,1,48.0,1,0,52.0,1,0,0,1,0,0
469,731,1,29.0,0,0,211.3375,0,1,1,1,0,0
470,95,0,59.0,0,0,7.25,1,0,1,0,0,1
471,134,1,29.0,1,0,26.0,0,1,0,0,1,0
472,783,0,29.0,0,0,30.0,1,0,1,1,0,0
473,430,1,32.0,0,0,8.05,1,0,1,0,0,1
474,516,0,47.0,0,0,34.0208,1,0,1,1,0,0
475,699,0,49.0,1,1,110.8833,1,0,0,1,0,0
476,244,0,22.0,0,0,7.125,1,0,1,0,0,1
477,50,0,18.0,1,0,17.8,0,1,0,0,0,1
478,684,0,14.0,5,2,46.9,1,0,0,0,0,1
479,63,0,45.0,1,0,83.475,1,0,0,1,0,0
480,832,1,0.83,1,1,18.75,1,0,0,0,1,0
481,34,0,66.0,0,0,10.5,1,0,1,0,1,0
482,552,0,27.0,0,0,26.0,1,0,1,0,1,0
483,282,0,28.0,0,0,7.8542,1,0,1,0,0,1
484,845,0,17.0,0,0,8.6625,1,0,1,0,0,1
485,424,0,28.0,1,1,14.4,0,1,0,0,0,1
486,357,1,22.0,0,1,55.0,0,1,0,1,0,0
487,600,1,49.0,1,0,56.9292,1,0,0,1,0,0
488,79,1,0.83,0,2,29.0,1,0,0,0,1,0
489,852,0,74.0,0,0,7.775,1,0,1,0,0,1
490,530,0,23.0,2,1,11.5,1,0,0,0,1,0
491,890,1,26.0,0,0,30.0,1,0,1,1,0,0
492,311,1,24.0,0,0,83.1583,0,1,1,1,0,0
493,811,0,26.0,0,0,7.8875,1,0,1,0,0,1
494,708,1,42.0,0,0,26.2875,1,0,1,1,0,0
495,550,1,8.0,1,1,36.75,1,0,0,0,1,0
496,878,0,19.0,0,0,7.8958,1,0,1,0,0,1
497,388,1,36.0,0,0,13.0,0,1,1,0,1,0
498,648,1,56.0,0,0,35.5,1,0,1,1,0,0
499,763,1,20.0,0,0,7.2292,1,0,1,0,0,1
500,631,1,80.0,0,0,30.0,1,0,1,1,0,0
501,701,1,18.0,1,0,227.525,0,1,0,1,0,0
502,572,1,53.0,2,0,51.4792,0,1,0,1,0,0
503,45,1,19.0,0,0,7.8792,0,1,1,0,0,1
504,93,0,46.0,1,0,61.175,1,0,0,1,0,0
505,786,0,25.0,0,0,7.25,1,0,1,0,0,1
506,53,1,49.0,1,0,76.7292,0,1,0,1,0,0
507,427,1,28.0,1,0,26.0,0,1,0,0,1,0
508,749,0,19.0,1,0,53.1,1,0,0,1,0,0
509,799,0,30.0,0,0,7.2292,1,0,1,0,0,1
510,227,1,19.0,0,0,10.5,1,0,1,0,1,0
511,133,0,47.0,1,0,14.5,0,1,0,0,0,1
512,576,0,19.0,0,0,14.5,1,0,1,0,0,1
513,238,1,8.0,0,2,26.25,0,1,0,0,1,0
514,475,0,22.0,0,0,9.8375,0,1,1,0,0,1
515,586,1,18.0,0,2,79.65,0,1,0,1,0,0
516,107,1,21.0,0,0,7.65,0,1,1,0,0,1
517,266,0,36.0,0,0,10.5,1,0,1,0,1,0
518,341,1,2.0,1,1,26.0,1,0,0,0,1,0
519,431,1,28.0,0,0,26.55,1,0,1,1,0,0
520,581,1,25.0,1,1,30.0,0,1,0,0,1,0
521,274,0,37.0,0,1,29.7,1,0,0,1,0,0
522,394,1,23.0,1,0,113.275,0,1,0,1,0,0
523,340,0,45.0,0,0,35.5,1,0,1,1,0,0
524,531,1,2.0,1,1,26.0,0,1,0,0,1,0
525,542,0,9.0,4,2,31.275,0,1,0,0,0,1
526,101,0,28.0,0,0,7.8958,0,1,1,0,0,1
527,237,0,44.0,1,0,26.0,1,0,0,0,1,0
528,765,0,16.0,0,0,7.775,1,0,1,0,0,1
529,367,1,60.0,1,0,75.25,0,1,0,1,0,0
530,509,0,28.0,0,0,22.525,1,0,1,0,0,1
531,64,0,4.0,3,2,27.9,1,0,0,0,0,1
532,109,0,38.0,0,0,7.8958,1,0,1,0,0,1
533,627,0,57.0,0,0,12.35,1,0,1,0,1,0
534,85,1,17.0,0,0,10.5,0,1,1,0,1,0
535,609,1,22.0,1,2,41.5792,0,1,0,0,1,0
536,493,0,55.0,0,0,30.5,1,0,1,1,0,0
537,677,0,24.5,0,0,8.05,1,0,1,0,0,1
538,384,1,35.0,1,0,52.0,0,1,0,1,0,0
539,417,1,34.0,1,1,32.5,0,1,0,0,1,0
540,679,0,43.0,1,6,46.9,0,1,0,0,0,1
541,662,0,40.0,0,0,7.225,1,0,1,0,0,1
542,688,0,19.0,0,0,10.1708,1,0,1,0,0,1
543,315,0,43.0,1,1,26.25,1,0,0,0,1,0
544,745,1,31.0,0,0,7.925,1,0,1,0,0,1
545,391,1,36.0,1,2,120.0,1,0,0,1,0,0
546,448,1,34.0,0,0,26.55,1,0,1,1,0,0
547,689,0,18.0,0,0,7.7958,1,0,1,0,0,1
548,474,1,23.0,0,0,13.7917,0,1,1,0,1,0
549,173,1,1.0,1,1,11.1333,0,1,0,0,0,1
550,687,0,14.0,4,1,39.6875,1,0,0,0,0,1
551,810,1,33.0,1,0,53.1,0,1,0,1,0,0
552,116,0,21.0,0,0,7.925,1,0,1,0,0,1
553,625,0,21.0,0,0,16.1,1,0,1,0,0,1
554,317,1,24.0,1,0,26.0,0,1,0,0,1,0
555,724,0,50.0,0,0,13.0,1,0,1,0,1,0
556,510,1,26.0,0,0,56.4958,1,0,1,0,0,1
557,212,1,35.0,0,0,21.0,0,1,1,0,1,0
558,795,0,25.0,0,0,7.8958,1,0,1,0,0,1
559,145,0,18.0,0,0,11.5,1,0,1,0,1,0
560,804,1,0.42,0,1,8.5167,1,0,0,0,0,1
561,623,1,20.0,1,1,15.7417,1,0,0,0,0,1
562,51,0,7.0,4,1,39.6875,1,0,0,0,0,1
563,567,0,19.0,0,0,7.8958,1,0,1,0,0,1
564,858,1,51.0,0,0,26.55,1,0,1,1,0,0
565,403,0,21.0,1,0,9.825,0,1,0,0,0,1
566,433,1,42.0,1,0,26.0,0,1,0,0,1,0
567,295,0,24.0,0,0,7.8958,1,0,1,0,0,1
568,871,0,26.0,0,0,7.8958,1,0,1,0,0,1
569,436,1,14.0,1,2,120.0,0,1,0,1,0,0
570,457,0,65.0,0,0,26.55,1,0,1,1,0,0
571,114,0,20.0,1,0,9.825,0,1,0,0,0,1
572,610,1,40.0,0,0,153.4625,0,1,1,1,0,0
573,559,1,39.0,1,1,79.65,0,1,0,1,0,0
574,792,0,16.0,0,0,26.0,1,0,1,0,1,0
575,876,1,15.0,0,0,7.225,0,1,1,0,0,1
576,174,0,21.0,0,0,7.925,1,0,1,0,0,1
577,91,0,29.0,0,0,8.05,1,0,1,0,0,1
578,464,0,48.0,0,0,13.0,1,0,1,0,1,0
579,392,1,21.0,0,0,7.7958,1,0,1,0,0,1
580,14,0,39.0,1,5,31.275,1,0,0,0,0,1
581,38,0,21.0,0,0,8.05,1,0,1,0,0,1
582,669,0,43.0,0,0,8.05,1,0,1,0,0,1
583,591,0,35.0,0,0,7.125,1,0,1,0,0,1
584,734,0,23.0,0,0,13.0,1,0,1,0,1,0
585,184,1,1.0,2,1,39.0,1,0,0,0,1,0
586,324,1,22.0,1,1,29.0,0,1,0,0,1,0
587,632,0,51.0,0,0,7.0542,1,0,1,0,0,1
588,453,0,30.0,0,0,27.75,1,0,1,1,0,0
589,338,1,41.0,0,0,134.5,0,1,1,1,0,0
590,647,0,19.0,0,0,7.8958,1,0,1,0,0,1
591,442,0,20.0,0,0,9.5,1,0,1,0,0,1
592,407,0,51.0,0,0,7.75,1,0,1,0,0,1
593,132,0,20.0,0,0,7.05,1,0,1,0,0,1
594,309,0,30.0,1,0,24.0,1,0,0,0,1,0
595,140,0,24.0,0,0,79.2,1,0,1,1,0,0
596,137,1,19.0,0,2,26.2833,0,1,0,1,0,0
597,326,1,36.0,0,0,135.6333,0,1,1,1,0,0
598,746,0,70.0,1,1,71.0,1,0,0,1,0,0
599,601,1,24.0,2,1,27.0,0,1,0,0,1,0
600,81,0,22.0,0,0,9.0,1,0,1,0,0,1
601,267,0,16.0,4,1,39.6875,1,0,0,0,0,1
602,841,0,20.0,0,0,7.925,1,0,1,0,0,1
603,691,1,31.0,1,0,57.0,1,0,0,1,0,0
604,500,0,24.0,0,0,7.7958,1,0,1,0,0,1
605,363,0,45.0,0,1,14.4542,0,1,0,0,0,1
606,489,0,30.0,0,0,8.05,1,0,1,0,0,1
607,405,0,20.0,0,0,8.6625,0,1,1,0,0,1
608,867,1,27.0,1,0,13.8583,0,1,0,0,1,0
609,356,0,28.0,0,0,9.5,1,0,1,0,0,1
610,759,0,34.0,0,0,8.05,1,0,1,0,0,1
611,444,1,28.0,0,0,13.0,0,1,1,0,1,0
612,752,1,6.0,0,1,12.475,1,0,0,0,0,1
613,854,1,16.0,0,1,39.4,0,1,0,1,0,0
614,721,1,6.0,0,1,33.0,0,1,0,0,1,0
615,393,0,28.0,2,0,7.925,1,0,0,0,0,1
616,622,1,42.0,1,0,52.5542,1,0,0,1,0,0
617,862,0,21.0,1,0,11.5,1,0,0,0,1,0
618,490,1,9.0,1,1,15.9,1,0,0,0,0,1
619,273,1,41.0,0,1,19.5,0,1,0,0,1,0
620,92,0,20.0,0,0,7.8542,1,0,1,0,0,1
621,885,0,25.0,0,0,7.05,1,0,1,0,0,1
622,344,0,25.0,0,0,13.0,1,0,1,0,1,0
623,313,0,26.0,1,1,26.0,0,1,0,0,1,0
624,707,1,45.0,0,0,13.5,0,1,1,0,1,0
625,722,0,17.0,1,0,7.0542,1,0,0,0,0,1
626,545,0,50.0,1,0,106.425,1,0,0,1,0,0
627,881,1,25.0,0,1,26.0,0,1,0,0,1,0
628,607,0,30.0,0,0,7.8958,1,0,1,0,0,1
629,4,1,35.0,1,0,53.1,0,1,0,1,0,0
630,290,1,22.0,0,0,7.75,0,1,1,0,0,1
631,440,0,31.0,0,0,10.5,1,0,1,0,1,0
632,635,0,9.0,3,2,27.9,0,1,0,0,0,1
633,667,0,25.0,0,0,13.0,1,0,1,0,1,0
634,439,0,64.0,1,4,263.0,1,0,0,1,0,0
635,705,0,26.0,1,0,7.8542,1,0,0,0,0,1
636,797,1,49.0,0,0,25.9292,0,1,1,1,0,0
637,547,1,19.0,1,0,26.0,0,1,0,0,1,0
638,375,0,3.0,3,1,21.075,0,1,0,0,0,1
639,361,0,40.0,1,4,27.9,1,0,0,0,0,1
640,817,0,23.0,0,0,7.925,0,1,1,0,0,1
641,113,0,22.0,0,0,8.05,1,0,1,0,0,1
642,21,0,35.0,0,0,26.0,1,0,1,0,1,0
643,35,0,28.0,1,0,82.1708,1,0,0,1,0,0
644,616,1,24.0,1,2,65.0,0,1,0,0,1,0
645,142,1,22.0,0,0,7.75,0,1,1,0,0,1
646,69,1,17.0,4,2,7.925,0,1,0,0,0,1
647,870,1,4.0,1,1,11.1333,1,0,0,0,0,1
648,76,0,25.0,0,0,7.65,1,0,1,0,0,1
649,125,0,54.0,0,1,77.2875,1,0,0,1,0,0
650,294,0,24.0,0,0,8.85,0,1,1,0,0,1
651,557,1,48.0,1,0,39.6,0,1,0,1,0,0
652,144,0,19.0,0,0,6.75,1,0,1,0,0,1
653,690,1,15.0,0,1,211.3375,0,1,0,1,0,0
654,55,0,65.0,0,1,61.9792,1,0,0,1,0,0
655,347,1,40.0,0,0,13.0,0,1,1,0,1,0
656,330,1,16.0,0,1,57.9792,0,1,0,1,0,0
657,283,0,16.0,0,0,9.5,1,0,1,0,0,1
658,549,0,33.0,1,1,20.525,1,0,0,0,0,1
659,25,0,8.0,3,1,21.075,0,1,0,0,0,1
660,589,0,22.0,0,0,8.05,1,0,1,0,0,1
661,252,0,29.0,1,1,10.4625,0,1,0,0,0,1
662,124,1,32.5,0,0,13.0,0,1,1,0,1,0
663,874,0,47.0,0,0,9.0,1,0,1,0,0,1
664,346,1,24.0,0,0,13.0,0,1,1,0,1,0
665,378,0,27.0,0,2,211.5,1,0,0,1,0,0
666,801,0,34.0,0,0,13.0,1,0,1,0,1,0
667,443,0,25.0,1,0,7.775,1,0,0,0,0,1
668,270,1,35.0,0,0,135.6333,0,1,1,1,0,0
669,183,0,9.0,4,2,31.3875,1,0,0,0,0,1
670,377,1,22.0,0,0,7.25,0,1,1,0,0,1
671,775,1,54.0,1,3,23.0,0,1,0,0,1,0
672,104,0,33.0,0,0,8.6542,1,0,1,0,0,1
673,756,1,0.67,1,1,14.5,1,0,0,0,1,0
674,90,0,24.0,0,0,8.05,1,0,1,0,0,1
675,637,0,32.0,0,0,7.925,1,0,1,0,0,1
676,332,0,45.5,0,0,28.5,1,0,1,1,0,0
677,345,0,36.0,0,0,13.0,1,0,1,0,1,0
678,120,0,2.0,4,2,31.275,0,1,0,0,0,1
679,527,1,50.0,0,0,10.5,0,1,1,0,1,0
680,716,0,19.0,0,0,7.65,1,0,1,0,0,1
681,611,0,39.0,1,5,31.275,0,1,0,0,0,1
682,821,1,52.0,1,1,93.5,0,1,0,1,0,0
683,191,1,32.0,0,0,13.0,0,1,1,0,1,0
684,842,0,16.0,0,0,10.5,1,0,1,0,1,0
685,747,0,16.0,1,1,20.25,1,0,0,0,0,1
686,67,1,29.0,0,0,10.5,0,1,1,0,1,0
687,413,1,33.0,1,0,90.0,0,1,0,1,0,0
688,468,0,56.0,0,0,26.55,1,0,1,1,0,0
689,398,0,46.0,0,0,26.0,1,0,1,0,1,0
690,757,0,28.0,0,0,7.7958,1,0,1,0,0,1
691,517,1,34.0,0,0,10.5,0,1,1,0,1,0
692,323,1,30.0,0,0,12.35,0,1,1,0,1,0
693,425,0,18.0,1,1,20.2125,1,0,0,0,0,1
694,595,0,37.0,1,0,26.0,1,0,0,0,1,0
695,264,0,40.0,0,0,0.0,1,0,1,1,0,0
696,152,1,22.0,1,0,66.6,0,1,0,1,0,0
697,624,0,21.0,0,0,7.8542,1,0,1,0,0,1
698,815,0,30.5,0,0,8.05,1,0,1,0,0,1
699,408,1,3.0,1,1,18.75,1,0,0,0,1,0
700,825,0,2.0,4,1,39.6875,1,0,0,0,0,1
701,420,0,10.0,0,2,24.15,0,1,0,0,0,1
702,303,0,19.0,0,0,0.0,1,0,1,0,0,1
703,608,1,27.0,0,0,30.5,1,0,1,1,0,0
704,263,0,52.0,1,1,79.65,1,0,0,1,0,0
705,218,0,42.0,1,0,27.0,1,0,0,0,1,0
706,226,0,22.0,0,0,9.35,1,0,1,0,0,1
707,866,1,42.0,0,0,13.0,0,1,1,0,1,0
708,456,1,29.0,0,0,7.8958,1,0,1,0,0,1
709,219,1,32.0,0,0,76.2917,0,1,1,1,0,0
710,147,1,27.0,0,0,7.7958,1,0,1,0,0,1
711,231,1,35.0,1,0,83.475,0,1,0,1,0,0
712,515,0,24.0,0,0,7.4958,1,0,1,0,0,1
713,229,0,18.0,0,0,13.0,1,0,1,0,1,0
